program,sequencer,lane,device,destination,port,channel,midi_note,note_name_standard_C4_60,bar,step_in_bar,global_step_in_program,velocity,gate,micro_offset_oxi_increments,probability_percent,ratchet,comments
RIO-A CORE,1,1,Analog Rytm MKII,BD / A SHARP KICK,OXI OUT 1 → Rytm,Use established Rytm pad-trigger receive channel,0,C0 / C-2,1,1,1,127,short drum gate,0,100,,
RIO-A CORE,1,1,Analog Rytm MKII,BD / A SHARP KICK,OXI OUT 1 → Rytm,Use established Rytm pad-trigger receive channel,0,C0 / C-2,1,5,5,127,short drum gate,0,100,,
RIO-A CORE,1,1,Analog Rytm MKII,BD / A SHARP KICK,OXI OUT 1 → Rytm,Use established Rytm pad-trigger receive channel,0,C0 / C-2,1,9,9,127,short drum gate,0,100,,
RIO-A CORE,1,1,Analog Rytm MKII,BD / A SHARP KICK,OXI OUT 1 → Rytm,Use established Rytm pad-trigger receive channel,0,C0 / C-2,1,13,13,127,short drum gate,0,100,,
RIO-A CORE,1,3,Analog Rytm MKII,RS / TRIBAL RIM,OXI OUT 1 → Rytm,Use established Rytm pad-trigger receive channel,2,D0 / D-2,1,3,3,104,short drum gate,0,100,,
RIO-A CORE,1,3,Analog Rytm MKII,RS / TRIBAL RIM,OXI OUT 1 → Rytm,Use established Rytm pad-trigger receive channel,2,D0 / D-2,1,7,7,74,short drum gate,-1,100,,
RIO-A CORE,1,3,Analog Rytm MKII,RS / TRIBAL RIM,OXI OUT 1 → Rytm,Use established Rytm pad-trigger receive channel,2,D0 / D-2,1,11,11,96,short drum gate,0,100,,
RIO-A CORE,1,3,Analog Rytm MKII,RS / TRIBAL RIM,OXI OUT 1 → Rytm,Use established Rytm pad-trigger receive channel,2,D0 / D-2,1,15,15,68,short drum gate,1,75,,
RIO-A CORE,1,5,Analog Rytm MKII,BT / PREKICK RUMBLE,OXI OUT 1 → Rytm,Use established Rytm pad-trigger receive channel,4,E0 / E-2,1,4,4,100,short drum gate,1,100,,Late pre-kick pull into the following kick
RIO-A CORE,1,5,Analog Rytm MKII,BT / PREKICK RUMBLE,OXI OUT 1 → Rytm,Use established Rytm pad-trigger receive channel,4,E0 / E-2,1,8,8,92,short drum gate,1,100,,Late pre-kick pull into the following kick
RIO-A CORE,1,5,Analog Rytm MKII,BT / PREKICK RUMBLE,OXI OUT 1 → Rytm,Use established Rytm pad-trigger receive channel,4,E0 / E-2,1,12,12,98,short drum gate,1,100,,Late pre-kick pull into the following kick
RIO-A CORE,1,5,Analog Rytm MKII,BT / PREKICK RUMBLE,OXI OUT 1 → Rytm,Use established Rytm pad-trigger receive channel,4,E0 / E-2,1,16,16,106,short drum gate,1,100,,Late pre-kick pull into the following kick
RIO-A CORE,1,6,Analog Rytm MKII,LT / LOW TRIBAL,OXI OUT 1 → Rytm,Use established Rytm pad-trigger receive channel,5,F0 / F-2,1,3,3,102,short drum gate,-1,100,,
RIO-A CORE,1,6,Analog Rytm MKII,LT / LOW TRIBAL,OXI OUT 1 → Rytm,Use established Rytm pad-trigger receive channel,5,F0 / F-2,1,11,11,88,short drum gate,0,80,,
RIO-A CORE,1,7,Analog Rytm MKII,MT / MID TRIBAL,OXI OUT 1 → Rytm,Use established Rytm pad-trigger receive channel,6,F#0 / F#-2,1,7,7,94,short drum gate,0,100,,
RIO-A CORE,1,7,Analog Rytm MKII,MT / MID TRIBAL,OXI OUT 1 → Rytm,Use established Rytm pad-trigger receive channel,6,F#0 / F#-2,1,15,15,82,short drum gate,0,75,,
RIO-A CORE,1,8,Analog Rytm MKII,HT / HIGH TRIBAL,OXI OUT 1 → Rytm,Use established Rytm pad-trigger receive channel,7,G0 / G-2,1,8,8,76,short drum gate,0,70,,
RIO-A CORE,1,8,Analog Rytm MKII,HT / HIGH TRIBAL,OXI OUT 1 → Rytm,Use established Rytm pad-trigger receive channel,7,G0 / G-2,1,16,16,92,short drum gate,0,85,,
RIO-A CORE,2,1,Analog Rytm MKII,CH / MAIN HAT,OXI OUT 1 → Rytm,Use established Rytm pad-trigger receive channel,8,G#0 / G#-2,1,2,2,112,short drum gate,0,100,,
RIO-A CORE,2,1,Analog Rytm MKII,CH / MAIN HAT,OXI OUT 1 → Rytm,Use established Rytm pad-trigger receive channel,8,G#0 / G#-2,1,6,6,96,short drum gate,0,100,,
RIO-A CORE,2,1,Analog Rytm MKII,CH / MAIN HAT,OXI OUT 1 → Rytm,Use established Rytm pad-trigger receive channel,8,G#0 / G#-2,1,10,10,106,short drum gate,0,100,,
RIO-A CORE,2,1,Analog Rytm MKII,CH / MAIN HAT,OXI OUT 1 → Rytm,Use established Rytm pad-trigger receive channel,8,G#0 / G#-2,1,14,14,92,short drum gate,0,90,,
RIO-A CORE,2,2,Analog Rytm MKII,OH / OPEN HAT,OXI OUT 1 → Rytm,Use established Rytm pad-trigger receive channel,9,A0 / A-2,1,3,3,78,short drum gate,0,100,,
RIO-A CORE,2,2,Analog Rytm MKII,OH / OPEN HAT,OXI OUT 1 → Rytm,Use established Rytm pad-trigger receive channel,9,A0 / A-2,1,7,7,68,short drum gate,0,85,,
RIO-A CORE,2,2,Analog Rytm MKII,OH / OPEN HAT,OXI OUT 1 → Rytm,Use established Rytm pad-trigger receive channel,9,A0 / A-2,1,11,11,76,short drum gate,0,100,,
RIO-A CORE,2,2,Analog Rytm MKII,OH / OPEN HAT,OXI OUT 1 → Rytm,Use established Rytm pad-trigger receive channel,9,A0 / A-2,1,15,15,62,short drum gate,1,70,,
RIO-A CORE,2,4,Analog Rytm MKII,CB / METAL BELL,OXI OUT 1 → Rytm,Use established Rytm pad-trigger receive channel,11,B0 / B-2,1,4,4,88,short drum gate,0,70,,
RIO-A CORE,2,4,Analog Rytm MKII,CB / METAL BELL,OXI OUT 1 → Rytm,Use established Rytm pad-trigger receive channel,11,B0 / B-2,1,7,7,70,short drum gate,0,70,,
RIO-A CORE,2,4,Analog Rytm MKII,CB / METAL BELL,OXI OUT 1 → Rytm,Use established Rytm pad-trigger receive channel,11,B0 / B-2,1,12,12,82,short drum gate,0,70,,
RIO-A CORE,2,4,Analog Rytm MKII,CB / METAL BELL,OXI OUT 1 → Rytm,Use established Rytm pad-trigger receive channel,11,B0 / B-2,1,15,15,66,short drum gate,0,70,,
RIO-A CORE,1,1,Analog Rytm MKII,BD / A SHARP KICK,OXI OUT 1 → Rytm,Use established Rytm pad-trigger receive channel,0,C0 / C-2,2,1,17,127,short drum gate,0,100,,
RIO-A CORE,1,1,Analog Rytm MKII,BD / A SHARP KICK,OXI OUT 1 → Rytm,Use established Rytm pad-trigger receive channel,0,C0 / C-2,2,5,21,127,short drum gate,0,100,,
RIO-A CORE,1,1,Analog Rytm MKII,BD / A SHARP KICK,OXI OUT 1 → Rytm,Use established Rytm pad-trigger receive channel,0,C0 / C-2,2,9,25,127,short drum gate,0,100,,
RIO-A CORE,1,1,Analog Rytm MKII,BD / A SHARP KICK,OXI OUT 1 → Rytm,Use established Rytm pad-trigger receive channel,0,C0 / C-2,2,13,29,127,short drum gate,0,100,,
RIO-A CORE,1,3,Analog Rytm MKII,RS / TRIBAL RIM,OXI OUT 1 → Rytm,Use established Rytm pad-trigger receive channel,2,D0 / D-2,2,3,19,104,short drum gate,0,100,,
RIO-A CORE,1,3,Analog Rytm MKII,RS / TRIBAL RIM,OXI OUT 1 → Rytm,Use established Rytm pad-trigger receive channel,2,D0 / D-2,2,7,23,74,short drum gate,-1,100,,
RIO-A CORE,1,3,Analog Rytm MKII,RS / TRIBAL RIM,OXI OUT 1 → Rytm,Use established Rytm pad-trigger receive channel,2,D0 / D-2,2,11,27,96,short drum gate,0,100,,
RIO-A CORE,1,3,Analog Rytm MKII,RS / TRIBAL RIM,OXI OUT 1 → Rytm,Use established Rytm pad-trigger receive channel,2,D0 / D-2,2,15,31,68,short drum gate,1,75,,
RIO-A CORE,1,4,Analog Rytm MKII,CP / MUTED CLAP,OXI OUT 1 → Rytm,Use established Rytm pad-trigger receive channel,3,D#0 / D#-2,2,6,22,78,short drum gate,0,100,,
RIO-A CORE,1,4,Analog Rytm MKII,CP / MUTED CLAP,OXI OUT 1 → Rytm,Use established Rytm pad-trigger receive channel,3,D#0 / D#-2,2,14,30,86,short drum gate,0,100,,
RIO-A CORE,1,5,Analog Rytm MKII,BT / PREKICK RUMBLE,OXI OUT 1 → Rytm,Use established Rytm pad-trigger receive channel,4,E0 / E-2,2,4,20,100,short drum gate,1,100,,Late pre-kick pull into the following kick
RIO-A CORE,1,5,Analog Rytm MKII,BT / PREKICK RUMBLE,OXI OUT 1 → Rytm,Use established Rytm pad-trigger receive channel,4,E0 / E-2,2,8,24,92,short drum gate,1,85,,Late pre-kick pull into the following kick
RIO-A CORE,1,5,Analog Rytm MKII,BT / PREKICK RUMBLE,OXI OUT 1 → Rytm,Use established Rytm pad-trigger receive channel,4,E0 / E-2,2,12,28,98,short drum gate,1,100,,Late pre-kick pull into the following kick
RIO-A CORE,1,5,Analog Rytm MKII,BT / PREKICK RUMBLE,OXI OUT 1 → Rytm,Use established Rytm pad-trigger receive channel,4,E0 / E-2,2,16,32,106,short drum gate,1,100,,Late pre-kick pull into the following kick
RIO-A CORE,1,6,Analog Rytm MKII,LT / LOW TRIBAL,OXI OUT 1 → Rytm,Use established Rytm pad-trigger receive channel,5,F0 / F-2,2,3,19,102,short drum gate,-1,100,,
RIO-A CORE,1,6,Analog Rytm MKII,LT / LOW TRIBAL,OXI OUT 1 → Rytm,Use established Rytm pad-trigger receive channel,5,F0 / F-2,2,11,27,88,short drum gate,0,80,,
RIO-A CORE,1,7,Analog Rytm MKII,MT / MID TRIBAL,OXI OUT 1 → Rytm,Use established Rytm pad-trigger receive channel,6,F#0 / F#-2,2,7,23,94,short drum gate,0,100,,
RIO-A CORE,1,7,Analog Rytm MKII,MT / MID TRIBAL,OXI OUT 1 → Rytm,Use established Rytm pad-trigger receive channel,6,F#0 / F#-2,2,15,31,82,short drum gate,0,75,,
RIO-A CORE,1,8,Analog Rytm MKII,HT / HIGH TRIBAL,OXI OUT 1 → Rytm,Use established Rytm pad-trigger receive channel,7,G0 / G-2,2,8,24,76,short drum gate,0,70,,
RIO-A CORE,1,8,Analog Rytm MKII,HT / HIGH TRIBAL,OXI OUT 1 → Rytm,Use established Rytm pad-trigger receive channel,7,G0 / G-2,2,16,32,92,short drum gate,0,85,,
RIO-A CORE,2,1,Analog Rytm MKII,CH / MAIN HAT,OXI OUT 1 → Rytm,Use established Rytm pad-trigger receive channel,8,G#0 / G#-2,2,2,18,112,short drum gate,0,100,,
RIO-A CORE,2,1,Analog Rytm MKII,CH / MAIN HAT,OXI OUT 1 → Rytm,Use established Rytm pad-trigger receive channel,8,G#0 / G#-2,2,6,22,96,short drum gate,0,100,,
RIO-A CORE,2,1,Analog Rytm MKII,CH / MAIN HAT,OXI OUT 1 → Rytm,Use established Rytm pad-trigger receive channel,8,G#0 / G#-2,2,10,26,106,short drum gate,0,100,,
RIO-A CORE,2,1,Analog Rytm MKII,CH / MAIN HAT,OXI OUT 1 → Rytm,Use established Rytm pad-trigger receive channel,8,G#0 / G#-2,2,14,30,92,short drum gate,0,90,,
RIO-A CORE,2,2,Analog Rytm MKII,OH / OPEN HAT,OXI OUT 1 → Rytm,Use established Rytm pad-trigger receive channel,9,A0 / A-2,2,3,19,78,short drum gate,0,100,,
RIO-A CORE,2,2,Analog Rytm MKII,OH / OPEN HAT,OXI OUT 1 → Rytm,Use established Rytm pad-trigger receive channel,9,A0 / A-2,2,7,23,68,short drum gate,0,85,,
RIO-A CORE,2,2,Analog Rytm MKII,OH / OPEN HAT,OXI OUT 1 → Rytm,Use established Rytm pad-trigger receive channel,9,A0 / A-2,2,11,27,76,short drum gate,0,100,,
RIO-A CORE,2,2,Analog Rytm MKII,OH / OPEN HAT,OXI OUT 1 → Rytm,Use established Rytm pad-trigger receive channel,9,A0 / A-2,2,15,31,62,short drum gate,1,70,,
RIO-A CORE,2,4,Analog Rytm MKII,CB / METAL BELL,OXI OUT 1 → Rytm,Use established Rytm pad-trigger receive channel,11,B0 / B-2,2,4,20,88,short drum gate,0,70,,
RIO-A CORE,2,4,Analog Rytm MKII,CB / METAL BELL,OXI OUT 1 → Rytm,Use established Rytm pad-trigger receive channel,11,B0 / B-2,2,7,23,70,short drum gate,0,70,,
RIO-A CORE,2,4,Analog Rytm MKII,CB / METAL BELL,OXI OUT 1 → Rytm,Use established Rytm pad-trigger receive channel,11,B0 / B-2,2,12,28,82,short drum gate,0,70,,
RIO-A CORE,2,4,Analog Rytm MKII,CB / METAL BELL,OXI OUT 1 → Rytm,Use established Rytm pad-trigger receive channel,11,B0 / B-2,2,15,31,66,short drum gate,0,70,,
RIO-A CORE,1,1,Analog Rytm MKII,BD / A SHARP KICK,OXI OUT 1 → Rytm,Use established Rytm pad-trigger receive channel,0,C0 / C-2,3,1,33,127,short drum gate,0,100,,
RIO-A CORE,1,1,Analog Rytm MKII,BD / A SHARP KICK,OXI OUT 1 → Rytm,Use established Rytm pad-trigger receive channel,0,C0 / C-2,3,5,37,127,short drum gate,0,100,,
RIO-A CORE,1,1,Analog Rytm MKII,BD / A SHARP KICK,OXI OUT 1 → Rytm,Use established Rytm pad-trigger receive channel,0,C0 / C-2,3,9,41,127,short drum gate,0,100,,
RIO-A CORE,1,1,Analog Rytm MKII,BD / A SHARP KICK,OXI OUT 1 → Rytm,Use established Rytm pad-trigger receive channel,0,C0 / C-2,3,13,45,127,short drum gate,0,100,,
RIO-A CORE,1,3,Analog Rytm MKII,RS / TRIBAL RIM,OXI OUT 1 → Rytm,Use established Rytm pad-trigger receive channel,2,D0 / D-2,3,3,35,104,short drum gate,0,100,,
RIO-A CORE,1,3,Analog Rytm MKII,RS / TRIBAL RIM,OXI OUT 1 → Rytm,Use established Rytm pad-trigger receive channel,2,D0 / D-2,3,7,39,74,short drum gate,-1,100,,
RIO-A CORE,1,3,Analog Rytm MKII,RS / TRIBAL RIM,OXI OUT 1 → Rytm,Use established Rytm pad-trigger receive channel,2,D0 / D-2,3,11,43,96,short drum gate,0,100,,
RIO-A CORE,1,3,Analog Rytm MKII,RS / TRIBAL RIM,OXI OUT 1 → Rytm,Use established Rytm pad-trigger receive channel,2,D0 / D-2,3,15,47,68,short drum gate,1,75,,
RIO-A CORE,1,5,Analog Rytm MKII,BT / PREKICK RUMBLE,OXI OUT 1 → Rytm,Use established Rytm pad-trigger receive channel,4,E0 / E-2,3,4,36,100,short drum gate,1,100,,Late pre-kick pull into the following kick
RIO-A CORE,1,5,Analog Rytm MKII,BT / PREKICK RUMBLE,OXI OUT 1 → Rytm,Use established Rytm pad-trigger receive channel,4,E0 / E-2,3,8,40,92,short drum gate,1,100,,Late pre-kick pull into the following kick
RIO-A CORE,1,5,Analog Rytm MKII,BT / PREKICK RUMBLE,OXI OUT 1 → Rytm,Use established Rytm pad-trigger receive channel,4,E0 / E-2,3,12,44,98,short drum gate,1,100,,Late pre-kick pull into the following kick
RIO-A CORE,1,5,Analog Rytm MKII,BT / PREKICK RUMBLE,OXI OUT 1 → Rytm,Use established Rytm pad-trigger receive channel,4,E0 / E-2,3,16,48,106,short drum gate,1,100,,Late pre-kick pull into the following kick
RIO-A CORE,1,6,Analog Rytm MKII,LT / LOW TRIBAL,OXI OUT 1 → Rytm,Use established Rytm pad-trigger receive channel,5,F0 / F-2,3,3,35,102,short drum gate,-1,100,,
RIO-A CORE,1,6,Analog Rytm MKII,LT / LOW TRIBAL,OXI OUT 1 → Rytm,Use established Rytm pad-trigger receive channel,5,F0 / F-2,3,11,43,88,short drum gate,0,80,,
RIO-A CORE,1,7,Analog Rytm MKII,MT / MID TRIBAL,OXI OUT 1 → Rytm,Use established Rytm pad-trigger receive channel,6,F#0 / F#-2,3,7,39,94,short drum gate,0,100,,
RIO-A CORE,1,7,Analog Rytm MKII,MT / MID TRIBAL,OXI OUT 1 → Rytm,Use established Rytm pad-trigger receive channel,6,F#0 / F#-2,3,15,47,82,short drum gate,0,75,,
RIO-A CORE,1,8,Analog Rytm MKII,HT / HIGH TRIBAL,OXI OUT 1 → Rytm,Use established Rytm pad-trigger receive channel,7,G0 / G-2,3,8,40,76,short drum gate,0,70,,
RIO-A CORE,1,8,Analog Rytm MKII,HT / HIGH TRIBAL,OXI OUT 1 → Rytm,Use established Rytm pad-trigger receive channel,7,G0 / G-2,3,16,48,92,short drum gate,0,85,,
RIO-A CORE,2,1,Analog Rytm MKII,CH / MAIN HAT,OXI OUT 1 → Rytm,Use established Rytm pad-trigger receive channel,8,G#0 / G#-2,3,2,34,112,short drum gate,0,100,,
RIO-A CORE,2,1,Analog Rytm MKII,CH / MAIN HAT,OXI OUT 1 → Rytm,Use established Rytm pad-trigger receive channel,8,G#0 / G#-2,3,6,38,96,short drum gate,0,100,,
RIO-A CORE,2,1,Analog Rytm MKII,CH / MAIN HAT,OXI OUT 1 → Rytm,Use established Rytm pad-trigger receive channel,8,G#0 / G#-2,3,10,42,106,short drum gate,0,100,,
RIO-A CORE,2,1,Analog Rytm MKII,CH / MAIN HAT,OXI OUT 1 → Rytm,Use established Rytm pad-trigger receive channel,8,G#0 / G#-2,3,14,46,92,short drum gate,0,90,,
RIO-A CORE,2,2,Analog Rytm MKII,OH / OPEN HAT,OXI OUT 1 → Rytm,Use established Rytm pad-trigger receive channel,9,A0 / A-2,3,3,35,78,short drum gate,0,100,,
RIO-A CORE,2,2,Analog Rytm MKII,OH / OPEN HAT,OXI OUT 1 → Rytm,Use established Rytm pad-trigger receive channel,9,A0 / A-2,3,7,39,68,short drum gate,0,85,,
RIO-A CORE,2,2,Analog Rytm MKII,OH / OPEN HAT,OXI OUT 1 → Rytm,Use established Rytm pad-trigger receive channel,9,A0 / A-2,3,11,43,76,short drum gate,0,100,,
RIO-A CORE,2,2,Analog Rytm MKII,OH / OPEN HAT,OXI OUT 1 → Rytm,Use established Rytm pad-trigger receive channel,9,A0 / A-2,3,15,47,62,short drum gate,1,70,,
RIO-A CORE,2,4,Analog Rytm MKII,CB / METAL BELL,OXI OUT 1 → Rytm,Use established Rytm pad-trigger receive channel,11,B0 / B-2,3,4,36,88,short drum gate,0,70,,
RIO-A CORE,2,4,Analog Rytm MKII,CB / METAL BELL,OXI OUT 1 → Rytm,Use established Rytm pad-trigger receive channel,11,B0 / B-2,3,7,39,70,short drum gate,0,70,,
RIO-A CORE,2,4,Analog Rytm MKII,CB / METAL BELL,OXI OUT 1 → Rytm,Use established Rytm pad-trigger receive channel,11,B0 / B-2,3,12,44,82,short drum gate,0,70,,
RIO-A CORE,2,4,Analog Rytm MKII,CB / METAL BELL,OXI OUT 1 → Rytm,Use established Rytm pad-trigger receive channel,11,B0 / B-2,3,15,47,66,short drum gate,0,70,,
RIO-A CORE,1,1,Analog Rytm MKII,BD / A SHARP KICK,OXI OUT 1 → Rytm,Use established Rytm pad-trigger receive channel,0,C0 / C-2,4,1,49,127,short drum gate,0,100,,
RIO-A CORE,1,1,Analog Rytm MKII,BD / A SHARP KICK,OXI OUT 1 → Rytm,Use established Rytm pad-trigger receive channel,0,C0 / C-2,4,5,53,127,short drum gate,0,100,,
RIO-A CORE,1,1,Analog Rytm MKII,BD / A SHARP KICK,OXI OUT 1 → Rytm,Use established Rytm pad-trigger receive channel,0,C0 / C-2,4,9,57,127,short drum gate,0,100,,
RIO-A CORE,1,1,Analog Rytm MKII,BD / A SHARP KICK,OXI OUT 1 → Rytm,Use established Rytm pad-trigger receive channel,0,C0 / C-2,4,13,61,127,short drum gate,0,100,,
RIO-A CORE,1,3,Analog Rytm MKII,RS / TRIBAL RIM,OXI OUT 1 → Rytm,Use established Rytm pad-trigger receive channel,2,D0 / D-2,4,3,51,104,short drum gate,0,100,,
RIO-A CORE,1,3,Analog Rytm MKII,RS / TRIBAL RIM,OXI OUT 1 → Rytm,Use established Rytm pad-trigger receive channel,2,D0 / D-2,4,7,55,74,short drum gate,-1,100,,
RIO-A CORE,1,3,Analog Rytm MKII,RS / TRIBAL RIM,OXI OUT 1 → Rytm,Use established Rytm pad-trigger receive channel,2,D0 / D-2,4,11,59,96,short drum gate,0,100,,
RIO-A CORE,1,3,Analog Rytm MKII,RS / TRIBAL RIM,OXI OUT 1 → Rytm,Use established Rytm pad-trigger receive channel,2,D0 / D-2,4,15,63,68,short drum gate,1,75,,
RIO-A CORE,1,4,Analog Rytm MKII,CP / MUTED CLAP,OXI OUT 1 → Rytm,Use established Rytm pad-trigger receive channel,3,D#0 / D#-2,4,6,54,78,short drum gate,0,100,,
RIO-A CORE,1,4,Analog Rytm MKII,CP / MUTED CLAP,OXI OUT 1 → Rytm,Use established Rytm pad-trigger receive channel,3,D#0 / D#-2,4,14,62,86,short drum gate,0,100,,
RIO-A CORE,1,5,Analog Rytm MKII,BT / PREKICK RUMBLE,OXI OUT 1 → Rytm,Use established Rytm pad-trigger receive channel,4,E0 / E-2,4,4,52,100,short drum gate,1,100,,Late pre-kick pull into the following kick
RIO-A CORE,1,5,Analog Rytm MKII,BT / PREKICK RUMBLE,OXI OUT 1 → Rytm,Use established Rytm pad-trigger receive channel,4,E0 / E-2,4,8,56,92,short drum gate,1,85,,Late pre-kick pull into the following kick
RIO-A CORE,1,5,Analog Rytm MKII,BT / PREKICK RUMBLE,OXI OUT 1 → Rytm,Use established Rytm pad-trigger receive channel,4,E0 / E-2,4,12,60,98,short drum gate,1,100,,Late pre-kick pull into the following kick
RIO-A CORE,1,5,Analog Rytm MKII,BT / PREKICK RUMBLE,OXI OUT 1 → Rytm,Use established Rytm pad-trigger receive channel,4,E0 / E-2,4,16,64,106,short drum gate,1,100,,Late pre-kick pull into the following kick
RIO-A CORE,1,6,Analog Rytm MKII,LT / LOW TRIBAL,OXI OUT 1 → Rytm,Use established Rytm pad-trigger receive channel,5,F0 / F-2,4,3,51,102,short drum gate,-1,100,,
RIO-A CORE,1,6,Analog Rytm MKII,LT / LOW TRIBAL,OXI OUT 1 → Rytm,Use established Rytm pad-trigger receive channel,5,F0 / F-2,4,11,59,88,short drum gate,0,80,,
RIO-A CORE,1,7,Analog Rytm MKII,MT / MID TRIBAL,OXI OUT 1 → Rytm,Use established Rytm pad-trigger receive channel,6,F#0 / F#-2,4,7,55,94,short drum gate,0,100,,
RIO-A CORE,1,7,Analog Rytm MKII,MT / MID TRIBAL,OXI OUT 1 → Rytm,Use established Rytm pad-trigger receive channel,6,F#0 / F#-2,4,15,63,82,short drum gate,0,75,,
RIO-A CORE,1,8,Analog Rytm MKII,HT / HIGH TRIBAL,OXI OUT 1 → Rytm,Use established Rytm pad-trigger receive channel,7,G0 / G-2,4,8,56,76,short drum gate,0,70,,
RIO-A CORE,1,8,Analog Rytm MKII,HT / HIGH TRIBAL,OXI OUT 1 → Rytm,Use established Rytm pad-trigger receive channel,7,G0 / G-2,4,16,64,92,short drum gate,0,85,1/32 ×2,
RIO-A CORE,2,1,Analog Rytm MKII,CH / MAIN HAT,OXI OUT 1 → Rytm,Use established Rytm pad-trigger receive channel,8,G#0 / G#-2,4,2,50,112,short drum gate,0,100,,
RIO-A CORE,2,1,Analog Rytm MKII,CH / MAIN HAT,OXI OUT 1 → Rytm,Use established Rytm pad-trigger receive channel,8,G#0 / G#-2,4,6,54,96,short drum gate,0,100,,
RIO-A CORE,2,1,Analog Rytm MKII,CH / MAIN HAT,OXI OUT 1 → Rytm,Use established Rytm pad-trigger receive channel,8,G#0 / G#-2,4,10,58,106,short drum gate,0,100,,
RIO-A CORE,2,1,Analog Rytm MKII,CH / MAIN HAT,OXI OUT 1 → Rytm,Use established Rytm pad-trigger receive channel,8,G#0 / G#-2,4,14,62,92,short drum gate,0,90,,
RIO-A CORE,2,2,Analog Rytm MKII,OH / OPEN HAT,OXI OUT 1 → Rytm,Use established Rytm pad-trigger receive channel,9,A0 / A-2,4,3,51,78,short drum gate,0,100,,
RIO-A CORE,2,2,Analog Rytm MKII,OH / OPEN HAT,OXI OUT 1 → Rytm,Use established Rytm pad-trigger receive channel,9,A0 / A-2,4,7,55,68,short drum gate,0,85,,
RIO-A CORE,2,2,Analog Rytm MKII,OH / OPEN HAT,OXI OUT 1 → Rytm,Use established Rytm pad-trigger receive channel,9,A0 / A-2,4,11,59,76,short drum gate,0,100,,
RIO-A CORE,2,2,Analog Rytm MKII,OH / OPEN HAT,OXI OUT 1 → Rytm,Use established Rytm pad-trigger receive channel,9,A0 / A-2,4,15,63,62,short drum gate,1,70,,
RIO-A CORE,2,4,Analog Rytm MKII,CB / METAL BELL,OXI OUT 1 → Rytm,Use established Rytm pad-trigger receive channel,11,B0 / B-2,4,4,52,88,short drum gate,0,70,,
RIO-A CORE,2,4,Analog Rytm MKII,CB / METAL BELL,OXI OUT 1 → Rytm,Use established Rytm pad-trigger receive channel,11,B0 / B-2,4,7,55,70,short drum gate,0,70,,
RIO-A CORE,2,4,Analog Rytm MKII,CB / METAL BELL,OXI OUT 1 → Rytm,Use established Rytm pad-trigger receive channel,11,B0 / B-2,4,12,60,82,short drum gate,0,70,,
RIO-A CORE,2,4,Analog Rytm MKII,CB / METAL BELL,OXI OUT 1 → Rytm,Use established Rytm pad-trigger receive channel,11,B0 / B-2,4,15,63,66,short drum gate,0,70,,
RIO-A CORE,1,2,Analog Rytm MKII,SD / CLIP IMPACT,OXI OUT 1 → Rytm,Use established Rytm pad-trigger receive channel,1,C#0 / C#-2,4,15,63,88,short drum gate,0,100,,
RIO-A CORE,1,2,Analog Rytm MKII,SD / CLIP IMPACT,OXI OUT 1 → Rytm,Use established Rytm pad-trigger receive channel,1,C#0 / C#-2,4,16,64,108,short drum gate,0,100,1/32 ×2,
RIO-B PEAK,1,1,Analog Rytm MKII,BD / A SHARP KICK,OXI OUT 1 → Rytm,Use established Rytm pad-trigger receive channel,0,C0 / C-2,1,1,1,127,short drum gate,0,100,,
RIO-B PEAK,1,1,Analog Rytm MKII,BD / A SHARP KICK,OXI OUT 1 → Rytm,Use established Rytm pad-trigger receive channel,0,C0 / C-2,1,5,5,127,short drum gate,0,100,,
RIO-B PEAK,1,1,Analog Rytm MKII,BD / A SHARP KICK,OXI OUT 1 → Rytm,Use established Rytm pad-trigger receive channel,0,C0 / C-2,1,9,9,127,short drum gate,0,100,,
RIO-B PEAK,1,1,Analog Rytm MKII,BD / A SHARP KICK,OXI OUT 1 → Rytm,Use established Rytm pad-trigger receive channel,0,C0 / C-2,1,13,13,127,short drum gate,0,100,,
RIO-B PEAK,1,3,Analog Rytm MKII,RS / TRIBAL RIM,OXI OUT 1 → Rytm,Use established Rytm pad-trigger receive channel,2,D0 / D-2,1,3,3,104,short drum gate,0,100,,
RIO-B PEAK,1,3,Analog Rytm MKII,RS / TRIBAL RIM,OXI OUT 1 → Rytm,Use established Rytm pad-trigger receive channel,2,D0 / D-2,1,7,7,74,short drum gate,-1,100,,
RIO-B PEAK,1,3,Analog Rytm MKII,RS / TRIBAL RIM,OXI OUT 1 → Rytm,Use established Rytm pad-trigger receive channel,2,D0 / D-2,1,11,11,96,short drum gate,0,100,,
RIO-B PEAK,1,3,Analog Rytm MKII,RS / TRIBAL RIM,OXI OUT 1 → Rytm,Use established Rytm pad-trigger receive channel,2,D0 / D-2,1,15,15,68,short drum gate,1,75,,
RIO-B PEAK,1,5,Analog Rytm MKII,BT / PREKICK RUMBLE,OXI OUT 1 → Rytm,Use established Rytm pad-trigger receive channel,4,E0 / E-2,1,4,4,100,short drum gate,1,100,,Late pre-kick pull into the following kick
RIO-B PEAK,1,5,Analog Rytm MKII,BT / PREKICK RUMBLE,OXI OUT 1 → Rytm,Use established Rytm pad-trigger receive channel,4,E0 / E-2,1,8,8,92,short drum gate,1,100,,Late pre-kick pull into the following kick
RIO-B PEAK,1,5,Analog Rytm MKII,BT / PREKICK RUMBLE,OXI OUT 1 → Rytm,Use established Rytm pad-trigger receive channel,4,E0 / E-2,1,12,12,98,short drum gate,1,100,,Late pre-kick pull into the following kick
RIO-B PEAK,1,5,Analog Rytm MKII,BT / PREKICK RUMBLE,OXI OUT 1 → Rytm,Use established Rytm pad-trigger receive channel,4,E0 / E-2,1,16,16,106,short drum gate,1,100,,Late pre-kick pull into the following kick
RIO-B PEAK,1,6,Analog Rytm MKII,LT / LOW TRIBAL,OXI OUT 1 → Rytm,Use established Rytm pad-trigger receive channel,5,F0 / F-2,1,3,3,102,short drum gate,-1,100,,
RIO-B PEAK,1,6,Analog Rytm MKII,LT / LOW TRIBAL,OXI OUT 1 → Rytm,Use established Rytm pad-trigger receive channel,5,F0 / F-2,1,11,11,88,short drum gate,0,80,,
RIO-B PEAK,1,7,Analog Rytm MKII,MT / MID TRIBAL,OXI OUT 1 → Rytm,Use established Rytm pad-trigger receive channel,6,F#0 / F#-2,1,7,7,94,short drum gate,0,100,,
RIO-B PEAK,1,7,Analog Rytm MKII,MT / MID TRIBAL,OXI OUT 1 → Rytm,Use established Rytm pad-trigger receive channel,6,F#0 / F#-2,1,15,15,82,short drum gate,0,75,,
RIO-B PEAK,1,8,Analog Rytm MKII,HT / HIGH TRIBAL,OXI OUT 1 → Rytm,Use established Rytm pad-trigger receive channel,7,G0 / G-2,1,8,8,76,short drum gate,0,100,,
RIO-B PEAK,1,8,Analog Rytm MKII,HT / HIGH TRIBAL,OXI OUT 1 → Rytm,Use established Rytm pad-trigger receive channel,7,G0 / G-2,1,16,16,92,short drum gate,0,100,,
RIO-B PEAK,2,1,Analog Rytm MKII,CH / MAIN HAT,OXI OUT 1 → Rytm,Use established Rytm pad-trigger receive channel,8,G#0 / G#-2,1,2,2,112,short drum gate,0,100,,
RIO-B PEAK,2,1,Analog Rytm MKII,CH / MAIN HAT,OXI OUT 1 → Rytm,Use established Rytm pad-trigger receive channel,8,G#0 / G#-2,1,6,6,96,short drum gate,0,100,,
RIO-B PEAK,2,1,Analog Rytm MKII,CH / MAIN HAT,OXI OUT 1 → Rytm,Use established Rytm pad-trigger receive channel,8,G#0 / G#-2,1,10,10,106,short drum gate,0,100,,
RIO-B PEAK,2,1,Analog Rytm MKII,CH / MAIN HAT,OXI OUT 1 → Rytm,Use established Rytm pad-trigger receive channel,8,G#0 / G#-2,1,14,14,92,short drum gate,0,90,,
RIO-B PEAK,2,2,Analog Rytm MKII,OH / OPEN HAT,OXI OUT 1 → Rytm,Use established Rytm pad-trigger receive channel,9,A0 / A-2,1,3,3,78,short drum gate,0,100,,
RIO-B PEAK,2,2,Analog Rytm MKII,OH / OPEN HAT,OXI OUT 1 → Rytm,Use established Rytm pad-trigger receive channel,9,A0 / A-2,1,7,7,68,short drum gate,0,85,,
RIO-B PEAK,2,2,Analog Rytm MKII,OH / OPEN HAT,OXI OUT 1 → Rytm,Use established Rytm pad-trigger receive channel,9,A0 / A-2,1,11,11,76,short drum gate,0,100,,
RIO-B PEAK,2,2,Analog Rytm MKII,OH / OPEN HAT,OXI OUT 1 → Rytm,Use established Rytm pad-trigger receive channel,9,A0 / A-2,1,15,15,62,short drum gate,1,70,,
RIO-B PEAK,2,4,Analog Rytm MKII,CB / METAL BELL,OXI OUT 1 → Rytm,Use established Rytm pad-trigger receive channel,11,B0 / B-2,1,4,4,88,short drum gate,0,100,,
RIO-B PEAK,2,4,Analog Rytm MKII,CB / METAL BELL,OXI OUT 1 → Rytm,Use established Rytm pad-trigger receive channel,11,B0 / B-2,1,7,7,70,short drum gate,0,100,,
RIO-B PEAK,2,4,Analog Rytm MKII,CB / METAL BELL,OXI OUT 1 → Rytm,Use established Rytm pad-trigger receive channel,11,B0 / B-2,1,12,12,82,short drum gate,0,100,,
RIO-B PEAK,2,4,Analog Rytm MKII,CB / METAL BELL,OXI OUT 1 → Rytm,Use established Rytm pad-trigger receive channel,11,B0 / B-2,1,15,15,66,short drum gate,0,100,,
RIO-B PEAK,1,1,Analog Rytm MKII,BD / A SHARP KICK,OXI OUT 1 → Rytm,Use established Rytm pad-trigger receive channel,0,C0 / C-2,2,1,17,127,short drum gate,0,100,,
RIO-B PEAK,1,1,Analog Rytm MKII,BD / A SHARP KICK,OXI OUT 1 → Rytm,Use established Rytm pad-trigger receive channel,0,C0 / C-2,2,5,21,127,short drum gate,0,100,,
RIO-B PEAK,1,1,Analog Rytm MKII,BD / A SHARP KICK,OXI OUT 1 → Rytm,Use established Rytm pad-trigger receive channel,0,C0 / C-2,2,9,25,127,short drum gate,0,100,,
RIO-B PEAK,1,1,Analog Rytm MKII,BD / A SHARP KICK,OXI OUT 1 → Rytm,Use established Rytm pad-trigger receive channel,0,C0 / C-2,2,13,29,127,short drum gate,0,100,,
RIO-B PEAK,1,3,Analog Rytm MKII,RS / TRIBAL RIM,OXI OUT 1 → Rytm,Use established Rytm pad-trigger receive channel,2,D0 / D-2,2,3,19,104,short drum gate,0,100,,
RIO-B PEAK,1,3,Analog Rytm MKII,RS / TRIBAL RIM,OXI OUT 1 → Rytm,Use established Rytm pad-trigger receive channel,2,D0 / D-2,2,7,23,74,short drum gate,-1,100,,
RIO-B PEAK,1,3,Analog Rytm MKII,RS / TRIBAL RIM,OXI OUT 1 → Rytm,Use established Rytm pad-trigger receive channel,2,D0 / D-2,2,11,27,96,short drum gate,0,100,,
RIO-B PEAK,1,3,Analog Rytm MKII,RS / TRIBAL RIM,OXI OUT 1 → Rytm,Use established Rytm pad-trigger receive channel,2,D0 / D-2,2,15,31,68,short drum gate,1,75,,
RIO-B PEAK,1,4,Analog Rytm MKII,CP / MUTED CLAP,OXI OUT 1 → Rytm,Use established Rytm pad-trigger receive channel,3,D#0 / D#-2,2,6,22,78,short drum gate,0,100,,
RIO-B PEAK,1,4,Analog Rytm MKII,CP / MUTED CLAP,OXI OUT 1 → Rytm,Use established Rytm pad-trigger receive channel,3,D#0 / D#-2,2,14,30,86,short drum gate,0,100,,
RIO-B PEAK,1,5,Analog Rytm MKII,BT / PREKICK RUMBLE,OXI OUT 1 → Rytm,Use established Rytm pad-trigger receive channel,4,E0 / E-2,2,4,20,100,short drum gate,1,100,,Late pre-kick pull into the following kick
RIO-B PEAK,1,5,Analog Rytm MKII,BT / PREKICK RUMBLE,OXI OUT 1 → Rytm,Use established Rytm pad-trigger receive channel,4,E0 / E-2,2,8,24,92,short drum gate,1,85,,Late pre-kick pull into the following kick
RIO-B PEAK,1,5,Analog Rytm MKII,BT / PREKICK RUMBLE,OXI OUT 1 → Rytm,Use established Rytm pad-trigger receive channel,4,E0 / E-2,2,12,28,98,short drum gate,1,100,,Late pre-kick pull into the following kick
RIO-B PEAK,1,5,Analog Rytm MKII,BT / PREKICK RUMBLE,OXI OUT 1 → Rytm,Use established Rytm pad-trigger receive channel,4,E0 / E-2,2,16,32,106,short drum gate,1,100,,Late pre-kick pull into the following kick
RIO-B PEAK,1,6,Analog Rytm MKII,LT / LOW TRIBAL,OXI OUT 1 → Rytm,Use established Rytm pad-trigger receive channel,5,F0 / F-2,2,3,19,102,short drum gate,-1,100,,
RIO-B PEAK,1,6,Analog Rytm MKII,LT / LOW TRIBAL,OXI OUT 1 → Rytm,Use established Rytm pad-trigger receive channel,5,F0 / F-2,2,11,27,88,short drum gate,0,80,,
RIO-B PEAK,1,7,Analog Rytm MKII,MT / MID TRIBAL,OXI OUT 1 → Rytm,Use established Rytm pad-trigger receive channel,6,F#0 / F#-2,2,7,23,94,short drum gate,0,100,,
RIO-B PEAK,1,7,Analog Rytm MKII,MT / MID TRIBAL,OXI OUT 1 → Rytm,Use established Rytm pad-trigger receive channel,6,F#0 / F#-2,2,15,31,82,short drum gate,0,75,,
RIO-B PEAK,1,8,Analog Rytm MKII,HT / HIGH TRIBAL,OXI OUT 1 → Rytm,Use established Rytm pad-trigger receive channel,7,G0 / G-2,2,8,24,76,short drum gate,0,100,,
RIO-B PEAK,1,8,Analog Rytm MKII,HT / HIGH TRIBAL,OXI OUT 1 → Rytm,Use established Rytm pad-trigger receive channel,7,G0 / G-2,2,16,32,92,short drum gate,0,100,,
RIO-B PEAK,2,1,Analog Rytm MKII,CH / MAIN HAT,OXI OUT 1 → Rytm,Use established Rytm pad-trigger receive channel,8,G#0 / G#-2,2,2,18,112,short drum gate,0,100,,
RIO-B PEAK,2,1,Analog Rytm MKII,CH / MAIN HAT,OXI OUT 1 → Rytm,Use established Rytm pad-trigger receive channel,8,G#0 / G#-2,2,6,22,96,short drum gate,0,100,,
RIO-B PEAK,2,1,Analog Rytm MKII,CH / MAIN HAT,OXI OUT 1 → Rytm,Use established Rytm pad-trigger receive channel,8,G#0 / G#-2,2,10,26,106,short drum gate,0,100,,
RIO-B PEAK,2,1,Analog Rytm MKII,CH / MAIN HAT,OXI OUT 1 → Rytm,Use established Rytm pad-trigger receive channel,8,G#0 / G#-2,2,14,30,92,short drum gate,0,90,,
RIO-B PEAK,2,2,Analog Rytm MKII,OH / OPEN HAT,OXI OUT 1 → Rytm,Use established Rytm pad-trigger receive channel,9,A0 / A-2,2,3,19,78,short drum gate,0,100,,
RIO-B PEAK,2,2,Analog Rytm MKII,OH / OPEN HAT,OXI OUT 1 → Rytm,Use established Rytm pad-trigger receive channel,9,A0 / A-2,2,7,23,68,short drum gate,0,85,,
RIO-B PEAK,2,2,Analog Rytm MKII,OH / OPEN HAT,OXI OUT 1 → Rytm,Use established Rytm pad-trigger receive channel,9,A0 / A-2,2,11,27,76,short drum gate,0,100,,
RIO-B PEAK,2,2,Analog Rytm MKII,OH / OPEN HAT,OXI OUT 1 → Rytm,Use established Rytm pad-trigger receive channel,9,A0 / A-2,2,15,31,62,short drum gate,1,70,,
RIO-B PEAK,2,4,Analog Rytm MKII,CB / METAL BELL,OXI OUT 1 → Rytm,Use established Rytm pad-trigger receive channel,11,B0 / B-2,2,4,20,88,short drum gate,0,100,,
RIO-B PEAK,2,4,Analog Rytm MKII,CB / METAL BELL,OXI OUT 1 → Rytm,Use established Rytm pad-trigger receive channel,11,B0 / B-2,2,7,23,70,short drum gate,0,100,,
RIO-B PEAK,2,4,Analog Rytm MKII,CB / METAL BELL,OXI OUT 1 → Rytm,Use established Rytm pad-trigger receive channel,11,B0 / B-2,2,12,28,82,short drum gate,0,100,,
RIO-B PEAK,2,4,Analog Rytm MKII,CB / METAL BELL,OXI OUT 1 → Rytm,Use established Rytm pad-trigger receive channel,11,B0 / B-2,2,15,31,66,short drum gate,0,100,,
RIO-B PEAK,1,1,Analog Rytm MKII,BD / A SHARP KICK,OXI OUT 1 → Rytm,Use established Rytm pad-trigger receive channel,0,C0 / C-2,3,1,33,127,short drum gate,0,100,,
RIO-B PEAK,1,1,Analog Rytm MKII,BD / A SHARP KICK,OXI OUT 1 → Rytm,Use established Rytm pad-trigger receive channel,0,C0 / C-2,3,5,37,127,short drum gate,0,100,,
RIO-B PEAK,1,1,Analog Rytm MKII,BD / A SHARP KICK,OXI OUT 1 → Rytm,Use established Rytm pad-trigger receive channel,0,C0 / C-2,3,9,41,127,short drum gate,0,100,,
RIO-B PEAK,1,1,Analog Rytm MKII,BD / A SHARP KICK,OXI OUT 1 → Rytm,Use established Rytm pad-trigger receive channel,0,C0 / C-2,3,13,45,127,short drum gate,0,100,,
RIO-B PEAK,1,3,Analog Rytm MKII,RS / TRIBAL RIM,OXI OUT 1 → Rytm,Use established Rytm pad-trigger receive channel,2,D0 / D-2,3,3,35,104,short drum gate,0,100,,
RIO-B PEAK,1,3,Analog Rytm MKII,RS / TRIBAL RIM,OXI OUT 1 → Rytm,Use established Rytm pad-trigger receive channel,2,D0 / D-2,3,7,39,74,short drum gate,-1,100,,
RIO-B PEAK,1,3,Analog Rytm MKII,RS / TRIBAL RIM,OXI OUT 1 → Rytm,Use established Rytm pad-trigger receive channel,2,D0 / D-2,3,11,43,96,short drum gate,0,100,,
RIO-B PEAK,1,3,Analog Rytm MKII,RS / TRIBAL RIM,OXI OUT 1 → Rytm,Use established Rytm pad-trigger receive channel,2,D0 / D-2,3,15,47,68,short drum gate,1,75,,
RIO-B PEAK,1,5,Analog Rytm MKII,BT / PREKICK RUMBLE,OXI OUT 1 → Rytm,Use established Rytm pad-trigger receive channel,4,E0 / E-2,3,4,36,100,short drum gate,1,100,,Late pre-kick pull into the following kick
RIO-B PEAK,1,5,Analog Rytm MKII,BT / PREKICK RUMBLE,OXI OUT 1 → Rytm,Use established Rytm pad-trigger receive channel,4,E0 / E-2,3,8,40,92,short drum gate,1,100,,Late pre-kick pull into the following kick
RIO-B PEAK,1,5,Analog Rytm MKII,BT / PREKICK RUMBLE,OXI OUT 1 → Rytm,Use established Rytm pad-trigger receive channel,4,E0 / E-2,3,12,44,98,short drum gate,1,100,,Late pre-kick pull into the following kick
RIO-B PEAK,1,5,Analog Rytm MKII,BT / PREKICK RUMBLE,OXI OUT 1 → Rytm,Use established Rytm pad-trigger receive channel,4,E0 / E-2,3,16,48,106,short drum gate,1,100,,Late pre-kick pull into the following kick
RIO-B PEAK,1,6,Analog Rytm MKII,LT / LOW TRIBAL,OXI OUT 1 → Rytm,Use established Rytm pad-trigger receive channel,5,F0 / F-2,3,3,35,102,short drum gate,-1,100,,
RIO-B PEAK,1,6,Analog Rytm MKII,LT / LOW TRIBAL,OXI OUT 1 → Rytm,Use established Rytm pad-trigger receive channel,5,F0 / F-2,3,11,43,88,short drum gate,0,80,,
RIO-B PEAK,1,7,Analog Rytm MKII,MT / MID TRIBAL,OXI OUT 1 → Rytm,Use established Rytm pad-trigger receive channel,6,F#0 / F#-2,3,7,39,94,short drum gate,0,100,,
RIO-B PEAK,1,7,Analog Rytm MKII,MT / MID TRIBAL,OXI OUT 1 → Rytm,Use established Rytm pad-trigger receive channel,6,F#0 / F#-2,3,15,47,82,short drum gate,0,75,,
RIO-B PEAK,1,8,Analog Rytm MKII,HT / HIGH TRIBAL,OXI OUT 1 → Rytm,Use established Rytm pad-trigger receive channel,7,G0 / G-2,3,8,40,76,short drum gate,0,100,,
RIO-B PEAK,1,8,Analog Rytm MKII,HT / HIGH TRIBAL,OXI OUT 1 → Rytm,Use established Rytm pad-trigger receive channel,7,G0 / G-2,3,16,48,92,short drum gate,0,100,,
RIO-B PEAK,2,1,Analog Rytm MKII,CH / MAIN HAT,OXI OUT 1 → Rytm,Use established Rytm pad-trigger receive channel,8,G#0 / G#-2,3,2,34,112,short drum gate,0,100,,
RIO-B PEAK,2,1,Analog Rytm MKII,CH / MAIN HAT,OXI OUT 1 → Rytm,Use established Rytm pad-trigger receive channel,8,G#0 / G#-2,3,6,38,96,short drum gate,0,100,,
RIO-B PEAK,2,1,Analog Rytm MKII,CH / MAIN HAT,OXI OUT 1 → Rytm,Use established Rytm pad-trigger receive channel,8,G#0 / G#-2,3,10,42,106,short drum gate,0,100,,
RIO-B PEAK,2,1,Analog Rytm MKII,CH / MAIN HAT,OXI OUT 1 → Rytm,Use established Rytm pad-trigger receive channel,8,G#0 / G#-2,3,14,46,92,short drum gate,0,90,,
RIO-B PEAK,2,2,Analog Rytm MKII,OH / OPEN HAT,OXI OUT 1 → Rytm,Use established Rytm pad-trigger receive channel,9,A0 / A-2,3,3,35,78,short drum gate,0,100,,
RIO-B PEAK,2,2,Analog Rytm MKII,OH / OPEN HAT,OXI OUT 1 → Rytm,Use established Rytm pad-trigger receive channel,9,A0 / A-2,3,7,39,68,short drum gate,0,85,,
RIO-B PEAK,2,2,Analog Rytm MKII,OH / OPEN HAT,OXI OUT 1 → Rytm,Use established Rytm pad-trigger receive channel,9,A0 / A-2,3,11,43,76,short drum gate,0,100,,
RIO-B PEAK,2,2,Analog Rytm MKII,OH / OPEN HAT,OXI OUT 1 → Rytm,Use established Rytm pad-trigger receive channel,9,A0 / A-2,3,15,47,62,short drum gate,1,70,,
RIO-B PEAK,2,4,Analog Rytm MKII,CB / METAL BELL,OXI OUT 1 → Rytm,Use established Rytm pad-trigger receive channel,11,B0 / B-2,3,4,36,88,short drum gate,0,100,,
RIO-B PEAK,2,4,Analog Rytm MKII,CB / METAL BELL,OXI OUT 1 → Rytm,Use established Rytm pad-trigger receive channel,11,B0 / B-2,3,7,39,70,short drum gate,0,100,,
RIO-B PEAK,2,4,Analog Rytm MKII,CB / METAL BELL,OXI OUT 1 → Rytm,Use established Rytm pad-trigger receive channel,11,B0 / B-2,3,12,44,82,short drum gate,0,100,,
RIO-B PEAK,2,4,Analog Rytm MKII,CB / METAL BELL,OXI OUT 1 → Rytm,Use established Rytm pad-trigger receive channel,11,B0 / B-2,3,15,47,66,short drum gate,0,100,,
RIO-B PEAK,1,1,Analog Rytm MKII,BD / A SHARP KICK,OXI OUT 1 → Rytm,Use established Rytm pad-trigger receive channel,0,C0 / C-2,4,1,49,127,short drum gate,0,100,,
RIO-B PEAK,1,1,Analog Rytm MKII,BD / A SHARP KICK,OXI OUT 1 → Rytm,Use established Rytm pad-trigger receive channel,0,C0 / C-2,4,5,53,127,short drum gate,0,100,,
RIO-B PEAK,1,1,Analog Rytm MKII,BD / A SHARP KICK,OXI OUT 1 → Rytm,Use established Rytm pad-trigger receive channel,0,C0 / C-2,4,9,57,127,short drum gate,0,100,,
RIO-B PEAK,1,1,Analog Rytm MKII,BD / A SHARP KICK,OXI OUT 1 → Rytm,Use established Rytm pad-trigger receive channel,0,C0 / C-2,4,13,61,127,short drum gate,0,100,,
RIO-B PEAK,1,3,Analog Rytm MKII,RS / TRIBAL RIM,OXI OUT 1 → Rytm,Use established Rytm pad-trigger receive channel,2,D0 / D-2,4,3,51,104,short drum gate,0,100,,
RIO-B PEAK,1,3,Analog Rytm MKII,RS / TRIBAL RIM,OXI OUT 1 → Rytm,Use established Rytm pad-trigger receive channel,2,D0 / D-2,4,7,55,74,short drum gate,-1,100,,
RIO-B PEAK,1,3,Analog Rytm MKII,RS / TRIBAL RIM,OXI OUT 1 → Rytm,Use established Rytm pad-trigger receive channel,2,D0 / D-2,4,11,59,96,short drum gate,0,100,,
RIO-B PEAK,1,3,Analog Rytm MKII,RS / TRIBAL RIM,OXI OUT 1 → Rytm,Use established Rytm pad-trigger receive channel,2,D0 / D-2,4,15,63,68,short drum gate,1,75,,
RIO-B PEAK,1,4,Analog Rytm MKII,CP / MUTED CLAP,OXI OUT 1 → Rytm,Use established Rytm pad-trigger receive channel,3,D#0 / D#-2,4,6,54,78,short drum gate,0,100,,
RIO-B PEAK,1,4,Analog Rytm MKII,CP / MUTED CLAP,OXI OUT 1 → Rytm,Use established Rytm pad-trigger receive channel,3,D#0 / D#-2,4,14,62,86,short drum gate,0,100,,
RIO-B PEAK,1,5,Analog Rytm MKII,BT / PREKICK RUMBLE,OXI OUT 1 → Rytm,Use established Rytm pad-trigger receive channel,4,E0 / E-2,4,4,52,100,short drum gate,1,100,,Late pre-kick pull into the following kick
RIO-B PEAK,1,5,Analog Rytm MKII,BT / PREKICK RUMBLE,OXI OUT 1 → Rytm,Use established Rytm pad-trigger receive channel,4,E0 / E-2,4,8,56,92,short drum gate,1,85,,Late pre-kick pull into the following kick
RIO-B PEAK,1,5,Analog Rytm MKII,BT / PREKICK RUMBLE,OXI OUT 1 → Rytm,Use established Rytm pad-trigger receive channel,4,E0 / E-2,4,12,60,98,short drum gate,1,100,,Late pre-kick pull into the following kick
RIO-B PEAK,1,5,Analog Rytm MKII,BT / PREKICK RUMBLE,OXI OUT 1 → Rytm,Use established Rytm pad-trigger receive channel,4,E0 / E-2,4,16,64,106,short drum gate,1,100,,Late pre-kick pull into the following kick
RIO-B PEAK,1,6,Analog Rytm MKII,LT / LOW TRIBAL,OXI OUT 1 → Rytm,Use established Rytm pad-trigger receive channel,5,F0 / F-2,4,3,51,102,short drum gate,-1,100,,
RIO-B PEAK,1,6,Analog Rytm MKII,LT / LOW TRIBAL,OXI OUT 1 → Rytm,Use established Rytm pad-trigger receive channel,5,F0 / F-2,4,11,59,88,short drum gate,0,80,,
RIO-B PEAK,1,7,Analog Rytm MKII,MT / MID TRIBAL,OXI OUT 1 → Rytm,Use established Rytm pad-trigger receive channel,6,F#0 / F#-2,4,7,55,94,short drum gate,0,100,,
RIO-B PEAK,1,7,Analog Rytm MKII,MT / MID TRIBAL,OXI OUT 1 → Rytm,Use established Rytm pad-trigger receive channel,6,F#0 / F#-2,4,15,63,82,short drum gate,0,75,,
RIO-B PEAK,1,8,Analog Rytm MKII,HT / HIGH TRIBAL,OXI OUT 1 → Rytm,Use established Rytm pad-trigger receive channel,7,G0 / G-2,4,8,56,76,short drum gate,0,100,,
RIO-B PEAK,1,8,Analog Rytm MKII,HT / HIGH TRIBAL,OXI OUT 1 → Rytm,Use established Rytm pad-trigger receive channel,7,G0 / G-2,4,16,64,92,short drum gate,0,100,1/32 ×2,
RIO-B PEAK,2,1,Analog Rytm MKII,CH / MAIN HAT,OXI OUT 1 → Rytm,Use established Rytm pad-trigger receive channel,8,G#0 / G#-2,4,2,50,112,short drum gate,0,100,,
RIO-B PEAK,2,1,Analog Rytm MKII,CH / MAIN HAT,OXI OUT 1 → Rytm,Use established Rytm pad-trigger receive channel,8,G#0 / G#-2,4,6,54,96,short drum gate,0,100,,
RIO-B PEAK,2,1,Analog Rytm MKII,CH / MAIN HAT,OXI OUT 1 → Rytm,Use established Rytm pad-trigger receive channel,8,G#0 / G#-2,4,10,58,106,short drum gate,0,100,,
RIO-B PEAK,2,1,Analog Rytm MKII,CH / MAIN HAT,OXI OUT 1 → Rytm,Use established Rytm pad-trigger receive channel,8,G#0 / G#-2,4,14,62,92,short drum gate,0,90,,
RIO-B PEAK,2,2,Analog Rytm MKII,OH / OPEN HAT,OXI OUT 1 → Rytm,Use established Rytm pad-trigger receive channel,9,A0 / A-2,4,3,51,78,short drum gate,0,100,,
RIO-B PEAK,2,2,Analog Rytm MKII,OH / OPEN HAT,OXI OUT 1 → Rytm,Use established Rytm pad-trigger receive channel,9,A0 / A-2,4,7,55,68,short drum gate,0,85,,
RIO-B PEAK,2,2,Analog Rytm MKII,OH / OPEN HAT,OXI OUT 1 → Rytm,Use established Rytm pad-trigger receive channel,9,A0 / A-2,4,11,59,76,short drum gate,0,100,,
RIO-B PEAK,2,2,Analog Rytm MKII,OH / OPEN HAT,OXI OUT 1 → Rytm,Use established Rytm pad-trigger receive channel,9,A0 / A-2,4,15,63,62,short drum gate,1,70,,
RIO-B PEAK,2,4,Analog Rytm MKII,CB / METAL BELL,OXI OUT 1 → Rytm,Use established Rytm pad-trigger receive channel,11,B0 / B-2,4,4,52,88,short drum gate,0,100,,
RIO-B PEAK,2,4,Analog Rytm MKII,CB / METAL BELL,OXI OUT 1 → Rytm,Use established Rytm pad-trigger receive channel,11,B0 / B-2,4,7,55,70,short drum gate,0,100,,
RIO-B PEAK,2,4,Analog Rytm MKII,CB / METAL BELL,OXI OUT 1 → Rytm,Use established Rytm pad-trigger receive channel,11,B0 / B-2,4,12,60,82,short drum gate,0,100,,
RIO-B PEAK,2,4,Analog Rytm MKII,CB / METAL BELL,OXI OUT 1 → Rytm,Use established Rytm pad-trigger receive channel,11,B0 / B-2,4,15,63,66,short drum gate,0,100,,
RIO-B PEAK,1,2,Analog Rytm MKII,SD / CLIP IMPACT,OXI OUT 1 → Rytm,Use established Rytm pad-trigger receive channel,1,C#0 / C#-2,4,15,63,88,short drum gate,0,100,,
RIO-B PEAK,1,2,Analog Rytm MKII,SD / CLIP IMPACT,OXI OUT 1 → Rytm,Use established Rytm pad-trigger receive channel,1,C#0 / C#-2,4,16,64,108,short drum gate,0,100,1/32 ×2,
RIO-B PEAK,2,3,Analog Rytm MKII,CY / PEAK RIDE,OXI OUT 1 → Rytm,Use established Rytm pad-trigger receive channel,10,A#0 / A#-2,1,1,1,82,short drum gate,0,100,,
RIO-B PEAK,2,3,Analog Rytm MKII,CY / PEAK RIDE,OXI OUT 1 → Rytm,Use established Rytm pad-trigger receive channel,10,A#0 / A#-2,1,5,5,70,short drum gate,0,100,,
RIO-B PEAK,2,3,Analog Rytm MKII,CY / PEAK RIDE,OXI OUT 1 → Rytm,Use established Rytm pad-trigger receive channel,10,A#0 / A#-2,1,9,9,78,short drum gate,0,100,,
RIO-B PEAK,2,3,Analog Rytm MKII,CY / PEAK RIDE,OXI OUT 1 → Rytm,Use established Rytm pad-trigger receive channel,10,A#0 / A#-2,1,13,13,68,short drum gate,0,100,,
RIO-B PEAK,2,3,Analog Rytm MKII,CY / PEAK RIDE,OXI OUT 1 → Rytm,Use established Rytm pad-trigger receive channel,10,A#0 / A#-2,2,1,17,82,short drum gate,0,100,,
RIO-B PEAK,2,3,Analog Rytm MKII,CY / PEAK RIDE,OXI OUT 1 → Rytm,Use established Rytm pad-trigger receive channel,10,A#0 / A#-2,2,5,21,70,short drum gate,0,100,,
RIO-B PEAK,2,3,Analog Rytm MKII,CY / PEAK RIDE,OXI OUT 1 → Rytm,Use established Rytm pad-trigger receive channel,10,A#0 / A#-2,2,9,25,78,short drum gate,0,100,,
RIO-B PEAK,2,3,Analog Rytm MKII,CY / PEAK RIDE,OXI OUT 1 → Rytm,Use established Rytm pad-trigger receive channel,10,A#0 / A#-2,2,13,29,68,short drum gate,0,100,,
RIO-B PEAK,2,3,Analog Rytm MKII,CY / PEAK RIDE,OXI OUT 1 → Rytm,Use established Rytm pad-trigger receive channel,10,A#0 / A#-2,3,1,33,82,short drum gate,0,100,,
RIO-B PEAK,2,3,Analog Rytm MKII,CY / PEAK RIDE,OXI OUT 1 → Rytm,Use established Rytm pad-trigger receive channel,10,A#0 / A#-2,3,5,37,70,short drum gate,0,100,,
RIO-B PEAK,2,3,Analog Rytm MKII,CY / PEAK RIDE,OXI OUT 1 → Rytm,Use established Rytm pad-trigger receive channel,10,A#0 / A#-2,3,9,41,78,short drum gate,0,100,,
RIO-B PEAK,2,3,Analog Rytm MKII,CY / PEAK RIDE,OXI OUT 1 → Rytm,Use established Rytm pad-trigger receive channel,10,A#0 / A#-2,3,13,45,68,short drum gate,0,100,,
RIO-B PEAK,2,3,Analog Rytm MKII,CY / PEAK RIDE,OXI OUT 1 → Rytm,Use established Rytm pad-trigger receive channel,10,A#0 / A#-2,4,1,49,82,short drum gate,0,100,,
RIO-B PEAK,2,3,Analog Rytm MKII,CY / PEAK RIDE,OXI OUT 1 → Rytm,Use established Rytm pad-trigger receive channel,10,A#0 / A#-2,4,5,53,70,short drum gate,0,100,,
RIO-B PEAK,2,3,Analog Rytm MKII,CY / PEAK RIDE,OXI OUT 1 → Rytm,Use established Rytm pad-trigger receive channel,10,A#0 / A#-2,4,9,57,78,short drum gate,0,100,,
RIO-B PEAK,2,3,Analog Rytm MKII,CY / PEAK RIDE,OXI OUT 1 → Rytm,Use established Rytm pad-trigger receive channel,10,A#0 / A#-2,4,13,61,68,short drum gate,0,100,,
RIO-C BREAK,1,3,Analog Rytm MKII,RS / TRIBAL RIM,OXI OUT 1 → Rytm,Use established Rytm pad-trigger receive channel,2,D0 / D-2,1,7,7,62,short drum gate,0,60,,
RIO-C BREAK,2,4,Analog Rytm MKII,CB / METAL BELL,OXI OUT 1 → Rytm,Use established Rytm pad-trigger receive channel,11,B0 / B-2,1,4,4,72,short drum gate,0,70,,
RIO-C BREAK,2,4,Analog Rytm MKII,CB / METAL BELL,OXI OUT 1 → Rytm,Use established Rytm pad-trigger receive channel,11,B0 / B-2,1,15,15,58,short drum gate,0,50,,
RIO-C BREAK,1,3,Analog Rytm MKII,RS / TRIBAL RIM,OXI OUT 1 → Rytm,Use established Rytm pad-trigger receive channel,2,D0 / D-2,2,7,23,62,short drum gate,0,60,,
RIO-C BREAK,2,4,Analog Rytm MKII,CB / METAL BELL,OXI OUT 1 → Rytm,Use established Rytm pad-trigger receive channel,11,B0 / B-2,2,4,20,72,short drum gate,0,70,,
RIO-C BREAK,2,4,Analog Rytm MKII,CB / METAL BELL,OXI OUT 1 → Rytm,Use established Rytm pad-trigger receive channel,11,B0 / B-2,2,15,31,58,short drum gate,0,50,,
RIO-C BREAK,1,3,Analog Rytm MKII,RS / TRIBAL RIM,OXI OUT 1 → Rytm,Use established Rytm pad-trigger receive channel,2,D0 / D-2,3,7,39,62,short drum gate,0,60,,
RIO-C BREAK,2,4,Analog Rytm MKII,CB / METAL BELL,OXI OUT 1 → Rytm,Use established Rytm pad-trigger receive channel,11,B0 / B-2,3,4,36,72,short drum gate,0,70,,
RIO-C BREAK,2,4,Analog Rytm MKII,CB / METAL BELL,OXI OUT 1 → Rytm,Use established Rytm pad-trigger receive channel,11,B0 / B-2,3,15,47,58,short drum gate,0,50,,
RIO-C BREAK,1,3,Analog Rytm MKII,RS / TRIBAL RIM,OXI OUT 1 → Rytm,Use established Rytm pad-trigger receive channel,2,D0 / D-2,4,7,55,62,short drum gate,0,60,,
RIO-C BREAK,2,4,Analog Rytm MKII,CB / METAL BELL,OXI OUT 1 → Rytm,Use established Rytm pad-trigger receive channel,11,B0 / B-2,4,4,52,72,short drum gate,0,70,,
RIO-C BREAK,2,4,Analog Rytm MKII,CB / METAL BELL,OXI OUT 1 → Rytm,Use established Rytm pad-trigger receive channel,11,B0 / B-2,4,15,63,58,short drum gate,0,50,,
RIO-C BREAK,1,2,Analog Rytm MKII,SD / CLIP IMPACT,OXI OUT 1 → Rytm,Use established Rytm pad-trigger receive channel,1,C#0 / C#-2,4,16,64,96,short drum gate,0,100,1/32 ×2,Pickup into rebuild
RIO-D RISE,2,4,Analog Rytm MKII,CB / METAL BELL,OXI OUT 1 → Rytm,Use established Rytm pad-trigger receive channel,11,B0 / B-2,1,4,4,60,short drum gate,0,70,,
RIO-D RISE,1,3,Analog Rytm MKII,RS / TRIBAL RIM,OXI OUT 1 → Rytm,Use established Rytm pad-trigger receive channel,2,D0 / D-2,2,15,31,58,short drum gate,0,65,,
RIO-D RISE,2,4,Analog Rytm MKII,CB / METAL BELL,OXI OUT 1 → Rytm,Use established Rytm pad-trigger receive channel,11,B0 / B-2,3,4,36,64,short drum gate,0,70,,
RIO-D RISE,1,3,Analog Rytm MKII,RS / TRIBAL RIM,OXI OUT 1 → Rytm,Use established Rytm pad-trigger receive channel,2,D0 / D-2,4,15,63,62,short drum gate,0,65,,
RIO-D RISE,2,4,Analog Rytm MKII,CB / METAL BELL,OXI OUT 1 → Rytm,Use established Rytm pad-trigger receive channel,11,B0 / B-2,5,4,68,68,short drum gate,0,70,,
RIO-D RISE,1,3,Analog Rytm MKII,RS / TRIBAL RIM,OXI OUT 1 → Rytm,Use established Rytm pad-trigger receive channel,2,D0 / D-2,6,15,95,66,short drum gate,0,65,,
RIO-D RISE,2,4,Analog Rytm MKII,CB / METAL BELL,OXI OUT 1 → Rytm,Use established Rytm pad-trigger receive channel,11,B0 / B-2,7,4,100,72,short drum gate,0,70,,
RIO-D RISE,1,3,Analog Rytm MKII,RS / TRIBAL RIM,OXI OUT 1 → Rytm,Use established Rytm pad-trigger receive channel,2,D0 / D-2,8,15,127,70,short drum gate,0,65,,
RIO-D RISE,1,2,Analog Rytm MKII,SD / CLIP IMPACT,OXI OUT 1 → Rytm,Use established Rytm pad-trigger receive channel,1,C#0 / C#-2,8,16,128,108,short drum gate,0,100,1/32 ×2,Final pickup; mute rise before drop
RIO-A CORE,3,1,Analog Four MKII,T1 A-RUMBLE,OXI OUT 2 → A4,1,33,A1,1,4,4,108,1/16,1,100,,Keep 9–12 dB below Rytm kick
RIO-A CORE,3,1,Analog Four MKII,T1 A-RUMBLE,OXI OUT 2 → A4,1,33,A1,1,8,8,100,1/16,1,100,,Keep 9–12 dB below Rytm kick
RIO-A CORE,3,1,Analog Four MKII,T1 A-RUMBLE,OXI OUT 2 → A4,1,33,A1,1,12,12,104,1/16,1,100,,Keep 9–12 dB below Rytm kick
RIO-A CORE,3,1,Analog Four MKII,T1 A-RUMBLE,OXI OUT 2 → A4,1,33,A1,1,16,16,112,1/16,1,100,,Keep 9–12 dB below Rytm kick
RIO-A CORE,3,1,Analog Four MKII,T1 A-RUMBLE,OXI OUT 2 → A4,1,33,A1,2,4,20,108,1/16,1,100,,Keep 9–12 dB below Rytm kick
RIO-A CORE,3,1,Analog Four MKII,T1 A-RUMBLE,OXI OUT 2 → A4,1,33,A1,2,8,24,100,1/16,1,100,,Keep 9–12 dB below Rytm kick
RIO-A CORE,3,1,Analog Four MKII,T1 A-RUMBLE,OXI OUT 2 → A4,1,33,A1,2,12,28,104,1/16,1,100,,Keep 9–12 dB below Rytm kick
RIO-A CORE,3,1,Analog Four MKII,T1 A-RUMBLE,OXI OUT 2 → A4,1,33,A1,2,16,32,112,1/16,1,100,,Keep 9–12 dB below Rytm kick
RIO-A CORE,3,1,Analog Four MKII,T1 A-RUMBLE,OXI OUT 2 → A4,1,33,A1,3,4,36,108,1/16,1,100,,Keep 9–12 dB below Rytm kick
RIO-A CORE,3,1,Analog Four MKII,T1 A-RUMBLE,OXI OUT 2 → A4,1,33,A1,3,8,40,100,1/16,1,100,,Keep 9–12 dB below Rytm kick
RIO-A CORE,3,1,Analog Four MKII,T1 A-RUMBLE,OXI OUT 2 → A4,1,33,A1,3,12,44,104,1/16,1,100,,Keep 9–12 dB below Rytm kick
RIO-A CORE,3,1,Analog Four MKII,T1 A-RUMBLE,OXI OUT 2 → A4,1,33,A1,3,16,48,112,1/16,1,100,,Keep 9–12 dB below Rytm kick
RIO-A CORE,3,1,Analog Four MKII,T1 A-RUMBLE,OXI OUT 2 → A4,1,33,A1,4,4,52,108,1/16,1,100,,Keep 9–12 dB below Rytm kick
RIO-A CORE,3,1,Analog Four MKII,T1 A-RUMBLE,OXI OUT 2 → A4,1,33,A1,4,8,56,100,1/16,1,100,,Keep 9–12 dB below Rytm kick
RIO-A CORE,3,1,Analog Four MKII,T1 A-RUMBLE,OXI OUT 2 → A4,1,33,A1,4,12,60,104,1/16,1,100,,Keep 9–12 dB below Rytm kick
RIO-A CORE,3,1,Analog Four MKII,T1 A-RUMBLE,OXI OUT 2 → A4,1,33,A1,4,16,64,112,1/16,1,100,,Keep 9–12 dB below Rytm kick
RIO-B PEAK,3,1,Analog Four MKII,T1 A-RUMBLE,OXI OUT 2 → A4,1,33,A1,1,4,4,108,1/16,1,100,,Keep 9–12 dB below Rytm kick
RIO-B PEAK,3,1,Analog Four MKII,T1 A-RUMBLE,OXI OUT 2 → A4,1,33,A1,1,8,8,100,1/16,1,100,,Keep 9–12 dB below Rytm kick
RIO-B PEAK,3,1,Analog Four MKII,T1 A-RUMBLE,OXI OUT 2 → A4,1,33,A1,1,12,12,104,1/16,1,100,,Keep 9–12 dB below Rytm kick
RIO-B PEAK,3,1,Analog Four MKII,T1 A-RUMBLE,OXI OUT 2 → A4,1,33,A1,1,16,16,112,1/16,1,100,,Keep 9–12 dB below Rytm kick
RIO-B PEAK,3,1,Analog Four MKII,T1 A-RUMBLE,OXI OUT 2 → A4,1,33,A1,2,4,20,108,1/16,1,100,,Keep 9–12 dB below Rytm kick
RIO-B PEAK,3,1,Analog Four MKII,T1 A-RUMBLE,OXI OUT 2 → A4,1,33,A1,2,8,24,100,1/16,1,100,,Keep 9–12 dB below Rytm kick
RIO-B PEAK,3,1,Analog Four MKII,T1 A-RUMBLE,OXI OUT 2 → A4,1,33,A1,2,12,28,104,1/16,1,100,,Keep 9–12 dB below Rytm kick
RIO-B PEAK,3,1,Analog Four MKII,T1 A-RUMBLE,OXI OUT 2 → A4,1,33,A1,2,16,32,112,1/16,1,100,,Keep 9–12 dB below Rytm kick
RIO-B PEAK,3,1,Analog Four MKII,T1 A-RUMBLE,OXI OUT 2 → A4,1,33,A1,3,4,36,108,1/16,1,100,,Keep 9–12 dB below Rytm kick
RIO-B PEAK,3,1,Analog Four MKII,T1 A-RUMBLE,OXI OUT 2 → A4,1,33,A1,3,8,40,100,1/16,1,100,,Keep 9–12 dB below Rytm kick
RIO-B PEAK,3,1,Analog Four MKII,T1 A-RUMBLE,OXI OUT 2 → A4,1,33,A1,3,12,44,104,1/16,1,100,,Keep 9–12 dB below Rytm kick
RIO-B PEAK,3,1,Analog Four MKII,T1 A-RUMBLE,OXI OUT 2 → A4,1,33,A1,3,16,48,112,1/16,1,100,,Keep 9–12 dB below Rytm kick
RIO-B PEAK,3,1,Analog Four MKII,T1 A-RUMBLE,OXI OUT 2 → A4,1,33,A1,4,4,52,108,1/16,1,100,,Keep 9–12 dB below Rytm kick
RIO-B PEAK,3,1,Analog Four MKII,T1 A-RUMBLE,OXI OUT 2 → A4,1,33,A1,4,8,56,100,1/16,1,100,,Keep 9–12 dB below Rytm kick
RIO-B PEAK,3,1,Analog Four MKII,T1 A-RUMBLE,OXI OUT 2 → A4,1,33,A1,4,12,60,104,1/16,1,100,,Keep 9–12 dB below Rytm kick
RIO-B PEAK,3,1,Analog Four MKII,T1 A-RUMBLE,OXI OUT 2 → A4,1,33,A1,4,16,64,112,1/16,1,100,,Keep 9–12 dB below Rytm kick
RIO-A CORE,3,2,Analog Four MKII,T2 F-RIO,OXI OUT 2 → A4,2,41,F2,1,3,3,106,2/16,0,100,,
RIO-A CORE,3,2,Analog Four MKII,T2 F-RIO,OXI OUT 2 → A4,2,45,A2,1,11,11,82,1/16,0,100,,
RIO-A CORE,3,2,Analog Four MKII,T2 F-RIO,OXI OUT 2 → A4,2,41,F2,2,7,23,88,2/16,0,50,,
RIO-A CORE,3,2,Analog Four MKII,T2 F-RIO,OXI OUT 2 → A4,2,41,F2,3,1,33,108,4/16,0,100,,
RIO-A CORE,3,2,Analog Four MKII,T2 F-RIO,OXI OUT 2 → A4,2,40,E2,3,12,44,78,1/16,0,100,,
RIO-A CORE,3,2,Analog Four MKII,T2 F-RIO,OXI OUT 2 → A4,2,41,F2,4,1,49,104,8/16,0,50,,
RIO-B PEAK,3,2,Analog Four MKII,T2 F-RIO,OXI OUT 2 → A4,2,41,F2,1,3,3,106,2/16,0,100,,
RIO-B PEAK,3,2,Analog Four MKII,T2 F-RIO,OXI OUT 2 → A4,2,45,A2,1,11,11,82,1/16,0,100,,
RIO-B PEAK,3,2,Analog Four MKII,T2 F-RIO,OXI OUT 2 → A4,2,41,F2,2,7,23,88,2/16,0,50,,
RIO-B PEAK,3,2,Analog Four MKII,T2 F-RIO,OXI OUT 2 → A4,2,41,F2,3,1,33,108,4/16,0,100,,
RIO-B PEAK,3,2,Analog Four MKII,T2 F-RIO,OXI OUT 2 → A4,2,40,E2,3,12,44,78,1/16,0,100,,
RIO-B PEAK,3,2,Analog Four MKII,T2 F-RIO,OXI OUT 2 → A4,2,41,F2,4,1,49,104,8/16,0,50,,
RIO-C BREAK,3,2,Analog Four MKII,T2 F-RIO,OXI OUT 2 → A4,2,41,F2,1,3,3,106,2/16,0,100,,
RIO-C BREAK,3,2,Analog Four MKII,T2 F-RIO,OXI OUT 2 → A4,2,45,A2,1,11,11,82,1/16,0,100,,
RIO-C BREAK,3,2,Analog Four MKII,T2 F-RIO,OXI OUT 2 → A4,2,41,F2,2,7,23,88,2/16,0,100,,
RIO-C BREAK,3,2,Analog Four MKII,T2 F-RIO,OXI OUT 2 → A4,2,41,F2,3,1,33,108,4/16,0,100,,
RIO-C BREAK,3,2,Analog Four MKII,T2 F-RIO,OXI OUT 2 → A4,2,40,E2,3,12,44,78,1/16,0,100,,
RIO-C BREAK,3,2,Analog Four MKII,T2 F-RIO,OXI OUT 2 → A4,2,41,F2,4,1,49,104,8/16,0,100,,
RIO-A CORE,3,3,Analog Four MKII,T3 METAL MOTIF,OXI OUT 2 → A4,3,57,A3,1,3,3,90,1/16,0,75,,
RIO-A CORE,3,3,Analog Four MKII,T3 METAL MOTIF,OXI OUT 2 → A4,3,57,A3,1,11,11,92,1/16,0,75,,
RIO-A CORE,3,3,Analog Four MKII,T3 METAL MOTIF,OXI OUT 2 → A4,3,60,C4,2,7,23,94,1/16,0,75,,
RIO-A CORE,3,3,Analog Four MKII,T3 METAL MOTIF,OXI OUT 2 → A4,3,57,A3,2,15,31,96,1/16,0,75,,
RIO-A CORE,3,3,Analog Four MKII,T3 METAL MOTIF,OXI OUT 2 → A4,3,57,A3,3,3,35,98,1/16,0,75,,
RIO-A CORE,3,3,Analog Four MKII,T3 METAL MOTIF,OXI OUT 2 → A4,3,64,E4,3,11,43,90,1/16,0,75,,
RIO-A CORE,3,3,Analog Four MKII,T3 METAL MOTIF,OXI OUT 2 → A4,3,55,G3,4,7,55,92,1/16,0,75,,
RIO-A CORE,3,3,Analog Four MKII,T3 METAL MOTIF,OXI OUT 2 → A4,3,57,A3,4,15,63,94,1/16,0,75,,
RIO-B PEAK,3,3,Analog Four MKII,T3 METAL MOTIF,OXI OUT 2 → A4,3,57,A3,1,3,3,90,1/16,0,100,,
RIO-B PEAK,3,3,Analog Four MKII,T3 METAL MOTIF,OXI OUT 2 → A4,3,57,A3,1,11,11,92,1/16,0,100,,
RIO-B PEAK,3,3,Analog Four MKII,T3 METAL MOTIF,OXI OUT 2 → A4,3,60,C4,2,7,23,94,1/16,0,100,,
RIO-B PEAK,3,3,Analog Four MKII,T3 METAL MOTIF,OXI OUT 2 → A4,3,57,A3,2,15,31,96,1/16,0,100,,
RIO-B PEAK,3,3,Analog Four MKII,T3 METAL MOTIF,OXI OUT 2 → A4,3,57,A3,3,3,35,98,1/16,0,100,,
RIO-B PEAK,3,3,Analog Four MKII,T3 METAL MOTIF,OXI OUT 2 → A4,3,64,E4,3,11,43,90,1/16,0,100,,
RIO-B PEAK,3,3,Analog Four MKII,T3 METAL MOTIF,OXI OUT 2 → A4,3,55,G3,4,7,55,92,1/16,0,100,,
RIO-B PEAK,3,3,Analog Four MKII,T3 METAL MOTIF,OXI OUT 2 → A4,3,57,A3,4,15,63,94,1/16,0,100,1/32 ×2,
RIO-D RISE,3,4,Analog Four MKII,T4 SYNC RISE,OXI OUT 2 → A4,4,45,A2,1,1,1,100,2 bars / overlap into next note,0,100,,Use glide/legato overlap; mute lane immediately before drop
RIO-D RISE,3,4,Analog Four MKII,T4 SYNC RISE,OXI OUT 2 → A4,4,57,A3,3,1,33,100,2 bars / overlap into next note,0,100,,Use glide/legato overlap; mute lane immediately before drop
RIO-D RISE,3,4,Analog Four MKII,T4 SYNC RISE,OXI OUT 2 → A4,4,69,A4,5,1,65,100,2 bars / overlap into next note,0,100,,Use glide/legato overlap; mute lane immediately before drop
RIO-D RISE,3,4,Analog Four MKII,T4 SYNC RISE,OXI OUT 2 → A4,4,81,A5,7,1,97,100,2 bars / overlap into next note,0,100,,Use glide/legato overlap; mute lane immediately before drop
